actual,pred
inland transport committee,international trace centre
inland transport committee,international trace centre
inland transport committee,international trace centre
international trade commission,international trace centre
international trade commission,international trace centre
international trade commission,international trace centre
international trade commission,international trace centre
international trade commission,international trace centre
international trade commission,international trace centre
international trade commission,international trace centre
europes environment an assessment of assessments,european environment agency
europe,european union
ad hoc working group on longterm cooperative action under the convention,ad hoc working group on longterm cooperative action
global network of exim banks and development finance institutions,global network of exim banks and development
united nations environment programme world conservation monitoring centre,unep world conservation monitoring centre
department of social welfare and development,department of social welfare
department of social welfare and development,department of social welfare
department of social welfare and development,department of social welfare
department of social welfare and development,department of social welfare
department of social welfare,department of social welfare and development
united nations university institute of advanced studies,unu institute of advanced studies
united nations university institute of advanced studies,unu institute of advanced studies
united nations university institute of advanced studies,unu institute of advanced studies
mass of primary dilution air sampled by background particulate sampler,mass of primary dilution
dermal toxicity,dermal
dermal toxicity,dermal
dermal toxicity,dermal
dermal,dermal toxicity
dermal,dermal toxicity
inhalation toxicity,inhalation
inhalation toxicity,inhalation
inhalation,inhalation toxicity
inhalation,inhalation toxicity
